SourceSystemCode,SessionTag,DeltaLoadTimeStampName,DeltaHandle,LoadFrequency,DeltaKeyColumns,EndpointType,EndpointPath,DataPath,SourceQuery,SourceFileName,SourceSchemaName,TargetTableName,SourceFileFormat,SourceProcessType,Options,LastRunTimeStamp,SecondsToWait,MaxAttempts,cancelPipeline,IsCDCEnabled,DeltaHighWaterMark,IsEnabled
SF,G1,SystemModstamp,append,0.5,Id,query,/services/data/v55.0/queryAll,records,"SELECT Id, ConversionRate,CreatedById,CreatedDate,DecimalPlaces,IsActive,IsCorporate,IsoCode,LastModifiedById,LastModifiedDate,SystemModstamp FROM CurrencyType WHERE (ConversionRate != null OR ConversionRate = null)",ref_currency.parquet,,sf_ref_currency,parquet,Parquet,,,30,10,Y,N,,N
SF,G1,,overwrite,6,,ui-api,/services/data/v55.0/ui-api/object-info/User/picklist-values/012000000000000AAA/CountryCode,values,,ref_country.parquet,,sf_ref_country,parquet,Parquet,,,30,10,Y,N,,N
SF,G1,,overwrite,6,,ui-api,/services/data/v55.0/ui-api/object-info/User/picklist-values/012000000000000AAA/StateCode,values,,ref_country_id.parquet,,sf_ref_country_id,parquet,Parquet,isCountry=yes,,30,10,Y,N,,N
SF,G1,SystemModstamp,append,0.5,Id,query,/services/data/v55.0/queryAll,records,"SELECT Id, Account.ClientCode__c,AccountId,Amount,CapitalCost__c,EstimatedTotalCostToClient__c,CloseDate,ContractType__c,CreatedBy.EmployeeNumber,CreatedDate,CurrencyIsoCode,Description,EstimatedDuration__c,EstimatedGrossFee__c,ExpectedRevenue,ExternalSystemName__c,ExternalSystemId__c,FundingClient__c,FundingClient__r.ClientCode__c,GetProbability__c,GHDCompany__c,GHDCompany__r.Code__c,GHDRegion__c,GHDRegion__r.Code__c,GoProbability__c,IsConfidential__c,LastModifiedBy.EmployeeNumber,LastModifiedDate,LossReason__c,LossReasonComments__c,Manager__r.EmployeeNumber,MarketSegment__c,Name,OpportunityCode__c,Owner.EmployeeNumber,OwnerId,Parent__c,Parent__r.OpportunityCode__c,PrimaryBusinessUnit__c,PrimaryBusinessUnit__r.Code__c,Probability,ProfileCategory__c,ProjectEndDate__c,ProjectStartDate__c,ProposalDueDate__c,RFPDate__c,StageName,ServiceLine__c,Source__c,SubmissionType__c,Sponsor__r.EmployeeNumber  FROM Opportunity WHERE (Account.ClientCode__c != null OR Account.ClientCode__c = null)",Opportunity.parquet,,sf_opportunity,parquet,Parquet,,,30,10,Y,N,,N
SF,G1,,overwrite,6,,tooling,/services/data/v55.0/tooling/query,records,"SELECT FullName, MasterLabel, Metadata FROM GlobalValueSet WHERE (MasterLabel = 'Profile Category' ) ",ref_profile_category.parquet,,sf_ref_profile_category,parquet,Parquet,,,30,10,Y,N,,N
SF,G2,,overwrite,6,,tooling,/services/data/v55.0/tooling/query,records,"SELECT FullName, MasterLabel, Metadata FROM GlobalValueSet WHERE ( MasterLabel = 'Vendor Type')",ref_vendor_type.parquet,,sf_ref_vendor_type,parquet,Parquet,,,30,10,Y,N,,N
SF,G2,,overwrite,6,,tooling,/services/data/v55.0/tooling/query,records,"SELECT FullName, MasterLabel, Metadata FROM GlobalValueSet WHERE ( MasterLabel = 'Vendor Sub Type')",ref_vendor_sub_type.parquet,,sf_ref_vendor_sub_type,parquet,Parquet,,,30,10,Y,N,,N
SF,G2,,overwrite,6,,tooling,/services/data/v55.0/tooling/query,records,"SELECT FullName, MasterLabel, Metadata FROM GlobalValueSet WHERE ( MasterLabel = 'Tax Identifier Types')",ref_tax_Identifier_types.parquet,,sf_ref_tax_Identifier_types,parquet,Parquet,,,30,10,Y,N,,N
SF,G2,,overwrite,6,,tooling,/services/data/v55.0/tooling/query,records,"SELECT FullName, MasterLabel, Metadata FROM GlobalValueSet WHERE ( MasterLabel = 'Market Segment')",ref_market_segment.parquet,,sf_ref_market_segment,parquet,Parquet,,,30,10,Y,N,,N
SF,G2,,overwrite,6,,tooling,/services/data/v55.0/tooling/query,records,"SELECT FullName, MasterLabel, Metadata FROM GlobalValueSet WHERE ( MasterLabel = 'Service Lines')",ref_service_lines.parquet,,sf_ref_service_lines,parquet,Parquet,,,30,10,Y,N,,N
SF,G2,,overwrite,6,,tooling,/services/data/v55.0/tooling/query,records,"SELECT FullName, MasterLabel, Metadata FROM GlobalValueSet WHERE ( MasterLabel = 'Client Type')",ref_client_type.parquet,,sf_ref_client_type,parquet,Parquet,,,30,10,Y,N,,N
SF,G3,,overwrite,6,,query,/services/data/v55.0/queryAll,records,"SELECT Active__c, Code__c, CreatedBy.Id, CreatedBy.EmployeeNumber, CreatedDate, CurrencyIsoCode, GHDCompanyCode__c, Id, LastModifiedBy.Id, LastModifiedBy.EmployeeNumber, LastModifiedDate, Name, Owner.Id,  SystemModstamp FROM ghdCompany__c WHERE (Active__c != null OR Active__c = null)",ref_ghd_companies.parquet,,sf_ref_ghd_companies,parquet,Parquet,,,30,10,Y,N,,N
SF,G3,,overwrite,6,,query,/services/data/v55.0/queryAll,records,"SELECT Active__c, Code__c, CreatedBy.Id, CreatedBy.EmployeeNumber, CreatedDate, CurrencyIsoCode, ghdCompany__r.GHDCompanyCode__c, Id, LastModifiedBy.Id, LastModifiedBy.EmployeeNumber, LastModifiedDate, Name, Owner.Id, SystemModstamp FROM ghdRegion__c WHERE (Active__c != null OR Active__c = null)",ref_ghd_regions.parquet,,sf_ref_ghd_regions,parquet,Parquet,,,30,10,Y,N,,N
SF,G3,,overwrite,6,,ui-api,/services/data/v55.0/ui-api/object-info/User/picklist-values/012000000000000AAA/StateCode,values,,ref_state.parquet,,sf_ref_state,parquet,Parquet,,,30,10,Y,N,,N
SF,G3,,overwrite,6,,ui-api,/services/data/v55.0/ui-api/object-info/User/picklist-values/012000000000000AAA/CurrencyIsoCode,values,,ref_currency_iso_code.parquet,,sf_ref_currency_iso_code,parquet,Parquet,,,30,10,Y,N,,N
SF,G3,SystemModstamp,append,0.5,Id,query,/services/data/v55.0/queryAll,records,"SELECT Account.Id, Account.AccountNumber,  ClientType__c, Account.AccountSource, Account.AdditionalName__c, Account.AdditionalNotesfromRequestor__c,  Account.AssessmentComments__c, Assignee__r.EmployeeNumber, Account.BillingCity, Account.BillingCountry, Account.BillingCountryCode, Account.BillingGeocodeAccuracy, Account.BillingLatitude, Account.BillingLongitude, Account.BillingPostalCode, Account.BillingState, Account.BillingStateCode, Account.BillingStreet, Account.BSTSyncStatus__c, Account.BusinessSize__c, Account.CarbonNeutralNetZeroGoal__c, Account.CompanyNo__c, (SELECT Id,  ContactId,  Contact.Id,  Role FROM AccountContactRoles), Account.CorruptionPerceptionIndex__c, Account.CreatedById, CreatedBy.Id, CreatedBy.EmployeeNumber, Account.CreatedDate, Account.CurrencyIsoCode, Account.Description, Account.DUNSNumber__c, Account.DiverseEmploymentPracticeStrategies__c, Account.EngagingFor__c, Account.EntityType__c, Account.EnvironmentalSocialIssuesReview__c, Account.EscalatedtoIDATeam__c, Account.EscalatedtoInsuranceTeam__c, Account.EscalatedtoIntegrityTeam__c, Account.EstimatedStartDate__c, Account.ExpectedCompletionDate__c, Account.ExternalSystemId__c, Account.ExternalSystemName__c, Account.Fax, Account.GHDRepresentativeWillbeAtsite__c, Account.HighRiskActivities__c, Account.HighRiskAssessmentOutcome__c, Account.IDATeamComments__c, Account.Industry, Account.InitialContactEmail__c, Account.InitialContactName__c, Account.InsuranceCertificatesCoverParent__c, Account.InsuranceTeamAssessmentoutcome__c, Account.IntegrityTeamAssessmentoutcome__c, Account.IsDeleted, Account.IsIDAProject__c, Account.IsSingleUseOnly__c, Account.IsStrategicRelationship__c, Account.IsVigilantVendor__c, Account.LastActivityDate, Account.LastModifiedById, LastModifiedBy.Id, LastModifiedBy.EmployeeNumber, Account.LastModifiedDate, Account.LastReferencedDate, Account.LastViewedDate, Account.LegalName__c, Account.MailingOfficeName__c, Account.MasterRecordId, Account.ModernSlaveryPolicies__c, Account.Name, Account.NumberOfEmployees, Account.OtherEntityType__c, Account.OwnerId, Owner.Id, Owner.EmployeeNumber, Account.Ownership, Account.ParentId, Parent.VendorCode__c, Account.ParentOrgOffersSameServices__c, Account.PendingInactivation__c, Phone, Account.PhotoUrl, Account.PrimaryOfficeName__c, Account.PriorName__c, Account.ProjectNumbers__c, Account.Rating, RecordType.Id, RecordType.Name, Account.ReferredforHighRiskActivities__c, Account.RegistrationDate__c, Account.RegistrationExpiryDate__c, Account.RegistrationStatus__c, Account.RequestorLocation__c, Account.RequestorName__c, Account.Scope__c, Account.Service__c, Account.ShippingCity, Account.ShippingCountry, Account.ShippingCountryCode, Account.ShippingGeocodeAccuracy, Account.ShippingLatitude, Account.ShippingLongitude, Account.ShippingPostalCode, Account.ShippingState, Account.ShippingStateCode, Account.ShippingStreet, Account.Stage__c, Account.StateTerritoryProvinceofInitialWork__c, Account.Status__c, Account.StatusNotes__c, Account.SummaryofAssessment__c, Account.SummaryofQHSEAssessment__c, Account.SustainabilityComments__c, Account.SustainableProcurementPolicy__c, Account.SystemModstamp, Account.TaxId__c, Account.TaxIdType__c, Account.ToBeDeleted__c, Account.Type, Account.UndertheSameHSEQManagementSystems__c, Account.Variance__c, Account.VarianceNotes__c, Account.VendorSubType__c, Account.VendorType__c, Account.VendorCode__c, Account.Website FROM Account WHERE (RecordType.Name = 'Client' OR RecordType.Name = 'Vendor')",Account.parquet,,sf_account,parquet,Parquet,,,30,10,Y,N,,N
SF,G3,SystemModstamp,append,0.5,,query,/services/data/v55.0/queryAll,records,"SELECT CreatedBy.EmployeeNumber, CreatedDate, IsDeleted, LastModifiedBy.EmployeeNumber, LastModifiedDate, Name, Opportunity__c, Opportunity__r.OpportunityCode__c,SubCategory__c, SystemModstamp FROM StrategicSubCategory__c WHERE (Name != null OR Name = null)",StrategicSubCategory.parquet,,sf_strategic_subcategory,parquet,Parquet,,,30,10,Y,N,,N
SF,G3,SystemModstamp,append,0.5,,query,/services/data/v55.0/queryAll,records,"SELECT CreatedBy.EmployeeNumber, CreatedDate, Fee__c, IsDeleted, LastModifiedBy.EmployeeNumber,  LastModifiedDate, Name, Opportunity__c, Opportunity__r.OpportunityCode__c, ServiceLine__c, SystemModstamp FROM ContributingServiceLine__c WHERE (Name != null OR Name = null)",ContributingServiceLine.parquet,,sf_contributing_service_line,parquet,Parquet,,,30,10,Y,N,,N
BST,G1,,append,6,,query,,records,,,Final,Account,parquet,Parquet,,,30,10,Y,N,,Y
BST,G1,,append,6,,query,,records,,,Final,ActivityType,parquet,Parquet,,,30,10,Y,N,,Y
BST,G2,,append,6,,query,,records,,,Final,Bill,parquet,Parquet,,,30,10,I,N,,Y
BST,G2,,append,6,,query,,records,,,Final,BillItemSummary,parquet,Parquet,,,30,10,I,N,,Y
BST,G1,,append,6,,query,,records,,,Final,BudgetCategory,parquet,Parquet,,,30,10,Y,N,,Y
BST,G1,,append,6,,query,,records,,,Final,BusinessUnit,parquet,Parquet,,,30,10,Y,N,,Y
BST,G1,,append,6,,query,,records,,,Final,CalendarDate,parquet,Parquet,,,30,10,Y,N,,Y
BST,G1,,append,6,,query,,records,,,Final,CalendarDateOffset,parquet,Parquet,,,30,10,Y,N,,Y
BST,G1,,append,6,,query,,records,,,Final,ChangeOrder,parquet,Parquet,,,30,10,Y,N,,Y
BST,G1,,append,6,,query,,records,,,Final,ChangeOrderStages_Stage,parquet,Parquet,,,30,10,Y,N,,Y
BST,G1,,append,6,,query,,records,,,Final,ChangeOrder_Location,parquet,Parquet,,,30,10,Y,N,,Y
BST,G1,,append,6,,query,,records,,,Final,ChangeOrder_SR,parquet,Parquet,,,30,10,Y,N,,Y
BST,G1,,append,6,,query,,records,,,Final,Client,parquet,Parquet,,,30,10,Y,N,,Y
BST,G1,,append,6,,query,,records,,,Final,ClientPaymentTerm,parquet,Parquet,,,30,10,Y,N,,Y
BST,G1,,append,6,,query,,records,,,Final,ClientType,parquet,Parquet,,,30,10,Y,N,,Y
BST,G1,,append,6,,query,,records,,,Final,Client_Address,parquet,Parquet,,,30,10,Y,N,,Y
BST,G1,,append,6,,query,,records,,,Final,Client_BillRouting,parquet,Parquet,,,30,10,Y,N,,Y
BST,G1,,append,6,,query,,records,,,Final,Client_TaxIdentification,parquet,Parquet,,,30,10,Y,N,,Y
BST,G1,,append,6,,query,,records,,,Final,CollectionNote,parquet,Parquet,,,30,10,Y,N,,Y
BST,G1,,append,6,,query,,records,,,Final,CollectionNoteRequest,parquet,Parquet,,,30,10,Y,N,,Y
BST,G2,,append,6,,query,,records,,,Final,CollectionNoteRequest_LineItem,parquet,Parquet,,,30,10,I,N,,Y
BST,G1,,append,6,,query,,records,,,Final,CollectionNote_LineItem,parquet,Parquet,,,30,10,Y,N,,Y
BST,G1,,append,6,,query,,records,,,Final,CollectionsNA_AI,parquet,Parquet,,,30,10,Y,N,,Y
BST,G1,,append,6,,query,,records,,,Final,Company,parquet,Parquet,,,30,10,Y,N,,Y
BST,G1,,append,6,,query,,records,,,Final,Company_Location,parquet,Parquet,,,30,10,Y,N,,Y
BST,G1,,append,6,,query,,records,,,Final,Company_TaxIdentification,parquet,Parquet,,,30,10,Y,N,,Y
BST,G1,,append,6,,query,,records,,,Final,Contact,parquet,Parquet,,,30,10,Y,N,,Y
BST,G1,,append,6,,query,,records,,,Final,Contract,parquet,Parquet,,,30,10,Y,N,,Y
BST,G1,,append,6,,query,,records,,,Final,Country,parquet,Parquet,,,30,10,Y,N,,Y
BST,G1,,append,6,,query,,records,,,Final,Country_StateProvince,parquet,Parquet,,,30,10,Y,N,,Y
BST,G1,,append,6,,query,,records,,,Final,Currency,parquet,Parquet,,,30,10,Y,N,,Y
BST,G1,,append,6,,query,,records,,,Final,CurrencyExchange,parquet,Parquet,,,30,10,Y,N,,Y
BST,G1,,append,6,,query,,records,,,Final,CurrencyExchangeRate,parquet,Parquet,,,30,10,Y,N,,Y
BST,G1,,append,6,,query,,records,,,Final,CurrencyRevaluation,parquet,Parquet,,,30,10,Y,N,,Y
BST,G1,,append,6,,query,,records,,,Final,CurrencyRevaluationFixedRates,parquet,Parquet,,,30,10,Y,N,,Y
BST,G1,,append,6,,query,,records,,,Final,CurrencyRevaluation_FRAER,parquet,Parquet,,,30,10,Y,N,,Y
BST,G1,,append,6,,query,,records,,,Final,DeliveryMethod,parquet,Parquet,,,30,10,Y,N,,Y
BST,G1,,append,6,,query,,records,,,Final,Discipline,parquet,Parquet,,,30,10,Y,N,,Y
BST,G1,,append,6,,query,,records,,,Final,Employee,parquet,Parquet,,,30,10,Y,N,,Y
BST,G1,,append,6,,query,,records,,,Final,EmployeeGroup,parquet,Parquet,,,30,10,Y,N,,Y
BST,G1,,append,6,,query,,records,,,Final,EmployeeGroup_Employee,parquet,Parquet,,,30,10,Y,N,,Y
BST,G1,,append,6,,query,,records,,,Final,EmployeeMap,parquet,Parquet,,,30,10,Y,N,,Y
BST,G1,,append,6,,query,,records,,,Final,EmployeeMap_LinkedEmployee,parquet,Parquet,,,30,10,Y,N,,Y
BST,G1,,append,6,,query,,records,,,Final,EmployeeMap_MapItem,parquet,Parquet,,,30,10,Y,N,,Y
BST,G1,,append,6,,query,,records,,,Final,EmployeeMap_MIAM,parquet,Parquet,,,30,10,Y,N,,Y
BST,G1,,append,6,,query,,records,,,Final,EmployeePostingGroup,parquet,Parquet,,,30,10,Y,N,,Y
BST,G1,,append,6,,query,,records,,,Final,Employee_Address,parquet,Parquet,,,30,10,Y,N,,Y
BST,G1,,append,6,,query,,records,,,Final,Employee_CostRate,parquet,Parquet,,,30,10,Y,N,,Y
BST,G1,,append,6,,query,,records,,,Final,Employee_CostRate_Rate,parquet,Parquet,,,30,10,Y,N,,Y
BST,G1,,append,6,,query,,records,,,Final,Equipment,parquet,Parquet,,,30,10,Y,N,,Y
BST,G1,,append,6,,query,,records,,,Final,ExpenseReportCategory,parquet,Parquet,,,30,10,Y,N,,Y
BST,G1,,append,6,,query,,records,,,Final,ExpenseReportCategory_Company,parquet,Parquet,,,30,10,Y,N,,Y
BST,G1,,append,6,,query,,records,,,Final,FeeType,parquet,Parquet,,,30,10,Y,N,,Y
BST,G1,,append,6,,query,,records,,,Final,FeeTypeMap,parquet,Parquet,,,30,10,Y,N,,Y
BST,G1,,append,6,,query,,records,,,Final,FeeTypeMapFlattened,parquet,Parquet,,,30,10,Y,N,,Y
BST,G1,,append,6,,query,,records,,,Final,FeeTypeMap_LevelName,parquet,Parquet,,,30,10,Y,N,,Y
BST,G1,,append,6,,query,,records,,,Final,FeeTypeMap_LinkedFeeType,parquet,Parquet,,,30,10,Y,N,,Y
BST,G1,,append,6,,query,,records,,,Final,FeeTypeMap_MapItem,parquet,Parquet,,,30,10,Y,N,,Y
BST,G1,,append,6,,query,,records,,,Final,FeeTypeMap_MIAM,parquet,Parquet,,,30,10,Y,N,,Y
BST,G1,,append,6,,query,,records,,,Final,FinalBill,parquet,Parquet,,,30,10,Y,N,,Y
BST,G1,,append,6,,query,,records,,,Final,FiscalCalendar,parquet,Parquet,,,30,10,Y,N,,Y
BST,G1,,append,6,,query,,records,,,Final,FiscalCalendar_FiscalYear,parquet,Parquet,,,30,10,Y,N,,Y
BST,G1,,append,6,,query,,records,,,Final,FiscalCalendar_FYFP,parquet,Parquet,,,30,10,Y,N,,Y
BST,G2,,append,6,,query,,records,,,Final,GeneralLedgerDetail,parquet,Parquet,,,30,10,I,N,,Y
BST,G2,,append,6,,query,,records,,,Final,GeneralLedgerSummary,parquet,Parquet,,,30,10,I,N,,Y
BST,G1,,append,6,,query,,records,,,Final,GHD_Government,parquet,Parquet,,,30,10,Y,N,,Y
BST,G1,,append,6,,query,,records,,,Final,GlobalSettings,parquet,Parquet,,,30,10,Y,N,,Y
BST,G1,,append,6,,query,,records,,,Final,HoursType,parquet,Parquet,,,30,10,Y,N,,Y
BST,G1,,append,6,,query,,records,,,Final,InputDocumentSuffix,parquet,Parquet,,,30,10,Y,N,,Y
BST,G1,,append,6,,query,,records,,,Final,IntercompanyProjectTaskSummary,parquet,Parquet,,,30,10,Y,N,,Y
BST,G1,,append,6,,query,,records,,,Final,LaborBillClass,parquet,Parquet,,,30,10,Y,N,,Y
BST,G1,,append,6,,query,,records,,,Final,LaborBillNameSchedule,parquet,Parquet,,,30,10,Y,N,,Y
BST,G1,,append,6,,query,,records,,,Final,LaborBillNameSchedule_NameType,parquet,Parquet,,,30,10,Y,N,,Y
BST,G1,,append,6,,query,,records,,,Final,LaborBillRateSchedule,parquet,Parquet,,,30,10,Y,N,,Y
BST,G1,,append,6,,query,,records,,,Final,LaborBillRateSchedule_RateType,parquet,Parquet,,,30,10,Y,N,,Y
BST,G1,,append,6,,query,,records,,,Final,LaborBillRateSchedule_RTR,parquet,Parquet,,,30,10,Y,N,,Y
BST,G1,,append,6,,query,,records,,,Final,Location,parquet,Parquet,,,30,10,Y,N,,Y
BST,G1,,append,6,,query,,records,,,Final,MarketSegment,parquet,Parquet,,,30,10,Y,N,,Y
BST,G1,,append,6,,query,,records,,,Final,Measure,parquet,Parquet,,,30,10,Y,N,,Y
BST,G1,,append,6,,query,,records,,,Final,Opportunity,parquet,Parquet,,,30,10,Y,N,,Y
BST,G1,,append,6,,query,,records,,,Final,OpportunityStages_Stage,parquet,Parquet,,,30,10,Y,N,,Y
BST,G1,,append,6,,query,,records,,,Final,Opportunity_SG_CBU,parquet,Parquet,,,30,10,Y,N,,Y
BST,G1,,append,6,,query,,records,,,Final,Opportunity_SG_CSL,parquet,Parquet,,,30,10,Y,N,,Y
BST,G1,,append,6,,query,,records,,,Final,Organization,parquet,Parquet,,,30,10,Y,N,,Y
BST,G1,,append,6,,query,,records,,,Final,OrganizationMap,parquet,Parquet,,,30,10,Y,N,,Y
BST,G1,,append,6,,query,,records,,,Final,OrganizationMap_LO,parquet,Parquet,,,30,10,Y,N,,Y
BST,G1,,append,6,,query,,records,,,Final,PendingProjectDetail,parquet,Parquet,,,30,10,Y,N,,Y
BST,G1,,append,6,,query,,records,,,Final,PostingCalendar,parquet,Parquet,,,30,10,Y,N,,Y
BST,G1,,append,6,,query,,records,,,Final,PostingCalendarPP,parquet,Parquet,,,30,10,Y,N,,Y
BST,G1,,append,6,,query,,records,,,Final,PostingCalendarPP_PostingDate,parquet,Parquet,,,30,10,Y,N,,Y
BST,G1,,append,6,,query,,records,,,Final,PostingDateOffset,parquet,Parquet,,,30,10,Y,N,,Y
BST,G2,,append,6,,query,,records,,,Final,PostingDescription,parquet,Parquet,,,30,10,I,N,,Y
BST,G1,,append,6,,query,,records,,,Final,PostingPeriodOffset,parquet,Parquet,,,30,10,Y,N,,Y
BST,G1,,append,6,,query,,records,,,Final,Privilege,parquet,Parquet,,,30,10,Y,N,,Y
BST,G1,,append,6,,query,,records,,,Final,Project,parquet,Parquet,,,30,10,Y,N,,Y
BST,G1,,append,6,,query,,records,,,Final,ProjectBudgetCategoryForecast,parquet,Parquet,,,30,10,Y,N,,Y
BST,G1,,append,6,,query,,records,,,Final,ProjectDetail,parquet,Parquet,,,30,10,Y,N,,Y
BST,G1,,append,6,,query,,records,,,Final,ProjectPostingGroup,parquet,Parquet,,,30,10,Y,N,,Y
BST,G1,,append,6,,query,,records,,,Final,ProjectSummary,parquet,Parquet,,,30,10,Y,N,,Y
BST,G1,,append,6,,query,,records,,,Final,ProjectTaskChangeOrder,parquet,Parquet,,,30,10,Y,N,,Y
BST,G1,,append,6,,query,,records,,,Final,ProjectTaskOpportunity,parquet,Parquet,,,30,10,Y,N,,Y
BST,G1,,append,6,,query,,records,,,Final,ProjectTaskOrgLookup,parquet,Parquet,,,30,10,Y,N,,Y
BST,G2,,append,6,,query,,records,,,Final,ProjectTaskSummary,parquet,Parquet,,,30,10,I,N,,Y
BST,G1,,append,6,,query,,records,,,Final,Project_BillTerm,parquet,Parquet,,,30,10,Y,N,,Y
BST,G1,,append,6,,query,,records,,,Final,Project_LaborTerm,parquet,Parquet,,,30,10,Y,N,,Y
BST,G1,,append,6,,query,,records,,,Final,Project_LaborTerm_LBRSO,parquet,Parquet,,,30,10,Y,N,,Y
BST,G1,,append,6,,query,,records,,,Final,Project_LaborTerm_LBRSO_R,parquet,Parquet,,,30,10,Y,N,,Y
BST,G2,,append,6,,query,,records,,,Final,Project_Task,parquet,Parquet,,,30,10,I,N,,Y
BST,G1,,append,6,,query,,records,,,Final,Project_TaskLocation,parquet,Parquet,,,30,10,Y,N,,Y
BST,G2,,append,6,,query,,records,,,Final,Project_Task_AuthorizedOrg,parquet,Parquet,,,30,10,I,N,,Y
BST,G1,,append,6,,query,,records,,,Final,PurchaseItem,parquet,Parquet,,,30,10,Y,N,,Y
BST,G1,,append,6,,query,,records,,,Final,PurchaseItemCategory,parquet,Parquet,,,30,10,Y,N,,Y
BST,G1,,append,6,,query,,records,,,Final,PurchaseOrder,parquet,Parquet,,,30,10,Y,N,,Y
BST,G1,,append,6,,query,,records,,,Final,PurchaseOrderDetail,parquet,Parquet,,,30,10,Y,N,,Y
BST,G1,,append,6,,query,,records,,,Final,PurchaseOrderLineItemSummary,parquet,Parquet,,,30,10,Y,N,,Y
BST,G1,,append,6,,query,,records,,,Final,PurchaseOrderSummary,parquet,Parquet,,,30,10,Y,N,,Y
BST,G1,,append,6,,query,,records,,,Final,PurchaseOrderType,parquet,Parquet,,,30,10,Y,N,,Y
BST,G1,,append,6,,query,,records,,,Final,PurchaseOrder_LineItem,parquet,Parquet,,,30,10,Y,N,,Y
BST,G1,,append,6,,query,,records,,,Final,PurchaseOrder_ShipToLocation,parquet,Parquet,,,30,10,Y,N,,Y
BST,G1,,append,6,,query,,records,,,Final,PurchaseTerm,parquet,Parquet,,,30,10,Y,N,,Y
BST,G2,,append,6,,query,,records,,,Final,ReceivableDetail,parquet,Parquet,,,30,10,I,N,,Y
BST,G2,,append,6,,query,,records,,,Final,ReceivableSummary,parquet,Parquet,,,30,10,I,N,,Y
BST,G1,,append,6,,query,,records,,,Final,ResourcePool,parquet,Parquet,,,30,10,Y,N,,Y
BST,G1,,append,6,,query,,records,,,Final,Responsibility,parquet,Parquet,,,30,10,Y,N,,Y
BST,G1,,append,6,,query,,records,,,Final,Responsibility_Item,parquet,Parquet,,,30,10,Y,N,,Y
BST,G1,,append,6,,query,,records,,,Final,Responsibility_I_ACD,parquet,Parquet,,,30,10,Y,N,,Y
BST,G1,,append,6,,query,,records,,,Final,ServiceLine,parquet,Parquet,,,30,10,Y,N,,Y
BST,G1,,append,6,,query,,records,,,Final,SG_ClientValueChain,parquet,Parquet,,,30,10,Y,N,,Y
BST,G2,,append,6,,query,,records,,,Final,StaffCapacity,parquet,Parquet,,,30,10,I,N,,Y
BST,G2,,append,6,,query,,records,,,Final,StaffUtilization,parquet,Parquet,,,30,10,I,N,,Y
BST,G1,,append,6,,query,,records,,,Final,Tax,parquet,Parquet,,,30,10,Y,N,,Y
BST,G1,,append,6,,query,,records,,,Final,TaxAuthority,parquet,Parquet,,,30,10,Y,N,,Y
BST,G1,,append,6,,query,,records,,,Final,TaxIdType,parquet,Parquet,,,30,10,Y,N,,Y
BST,G2,,append,6,,query,,records,,,Final,Timesheet,parquet,Parquet,,,30,10,I,N,,Y
BST,G2,,append,6,,query,,records,,,Final,Timesheet_LineItem,parquet,Parquet,,,30,10,I,N,,Y
BST,G2,,append,6,,query,,records,,,Final,Timesheet_LineItem_Detail,parquet,Parquet,,,30,10,I,N,,Y
BST,G1,,append,6,,query,,records,,,Final,Unit,parquet,Parquet,,,30,10,Y,N,,Y
BST,G1,,append,6,,query,,records,,,Final,User,parquet,Parquet,,,30,10,Y,N,,Y
BST,G1,,append,6,,query,,records,,,Final,UserAuthorization,parquet,Parquet,,,30,10,Y,N,,Y
BST,G1,,append,6,,query,,records,,,Final,UserAuthorization_R,parquet,Parquet,,,30,10,Y,N,,Y
BST,G1,,append,6,,query,,records,,,Final,UserGroup,parquet,Parquet,,,30,10,Y,N,,Y
BST,G1,,append,6,,query,,records,,,Final,UserGroupAuthorization,parquet,Parquet,,,30,10,Y,N,,Y
BST,G1,,append,6,,query,,records,,,Final,UserGroupAuthorization_R,parquet,Parquet,,,30,10,Y,N,,Y
BST,G1,,append,6,,query,,records,,,Final,UserGroup_User,parquet,Parquet,,,30,10,Y,N,,Y
BST,G1,,append,6,,query,,records,,,Final,Vendor,parquet,Parquet,,,30,10,Y,N,,Y
BST,G1,,append,6,,query,,records,,,Final,VendorInvoice,parquet,Parquet,,,30,10,Y,N,,Y
BST,G1,,append,6,,query,,records,,,Final,VendorInvoiceDecision_Dec,parquet,Parquet,,,30,10,Y,N,,Y
BST,G1,,append,6,,query,,records,,,Final,VendorInvoiceType,parquet,Parquet,,,30,10,Y,N,,Y
BST,G1,,append,6,,query,,records,,,Final,VendorInvoice_Reviewer,parquet,Parquet,,,30,10,Y,N,,Y
BST,G1,,append,6,,query,,records,,,Final,VendorPaymentTerm,parquet,Parquet,,,30,10,Y,N,,Y
BST,G1,,append,6,,query,,records,,,Final,VendorType,parquet,Parquet,,,30,10,Y,N,,Y
BST,G1,,append,6,,query,,records,,,Final,Vendor_Address,parquet,Parquet,,,30,10,Y,N,,Y
BST,G1,,append,6,,query,,records,,,Final,Vendor_PaymentRouting,parquet,Parquet,,,30,10,Y,N,,Y
BST,G1,,append,6,,query,,records,,,Final,Vendor_TaxIdentification,parquet,Parquet,,,30,10,Y,N,,Y
BST,G1,,append,6,,query,,records,,,Final,Voucher,parquet,Parquet,,,30,10,Y,N,,Y
BST,G1,,append,6,,query,,records,,,Final,Voucher_LineItem,parquet,Parquet,,,30,10,Y,N,,Y
BST,G1,,append,6,,query,,records,,,Final,WorkCalendar,parquet,Parquet,,,30,10,Y,N,,Y
BST,G1,,append,6,,query,,records,,,Final,WorkCalendarCapacity,parquet,Parquet,,,30,10,Y,N,,Y
BST,G1,,append,6,,query,,records,,,Final,WorkCalendarExceptions,parquet,Parquet,,,30,10,Y,N,,Y
BST,G1,,append,6,,query,,records,,,Final,WorkCalendarExceptions_E,parquet,Parquet,,,30,10,Y,N,,Y
BST,G1,,append,6,,query,,records,,,Final,WorkCalendar_WorkingHour,parquet,Parquet,,,30,10,Y,N,,Y
BST,G1,,append,6,,query,,records,,,Final,WorkInProgressDetail,parquet,Parquet,,,30,10,Y,N,,Y
BST,G1,,append,6,,query,,records,,,Final,WorkInProgressSummary,parquet,Parquet,,,30,10,Y,N,,Y
BST,G1,,append,6,,query,,records,,,Final,WorkType,parquet,Parquet,,,30,10,Y,N,,Y
BST,G1,,append,6,,query,,records,,,dbo,DocumentResponsibility,parquet,Parquet,,,30,10,Y,N,,Y
BST,G1,,append,6,,query,,records,,,dbo,Enumeration,parquet,Parquet,,,30,10,Y,N,,Y
BST,G2,,append,6,,query,,records,,,dbo,Event,parquet,Parquet,,,30,10,I,N,,Y
BST,G1,,append,6,,query,,records,,,dbo,Package,parquet,Parquet,,,30,10,Y,N,,Y
BST,G1,,append,6,,query,,records,,,dbo,Privilege,parquet,Parquet,,,30,10,Y,N,,Y
BST,G1,,append,6,,query,,records,,,dbo,Privilege_Item,parquet,Parquet,,,30,10,Y,N,,Y
BST,G1,,append,6,,query,,records,,,dbo,Responsibility,parquet,Parquet,,,30,10,Y,N,,Y
BST,G1,,append,6,,query,,records,,,dbo,State,parquet,Parquet,,,30,10,Y,N,,Y
BST,G1,,append,6,,query,,records,,,dbo,Type,parquet,Parquet,,,30,10,Y,N,,Y
BST,G1,,append,6,,query,,records,,,dbo,WorkflowInstance,parquet,Parquet,,,30,10,Y,N,,Y
BST,G1,,append,6,,query,,records,,,Draft,Prebill,parquet,Parquet,,,30,10,Y,N,,Y
BST,G1,,append,6,,query,,records,,,Draft,Project,parquet,Parquet,,,30,10,Y,N,,Y
BST,G1,,append,6,,query,,records,,,Draft,PurchaseItem,parquet,Parquet,,,30,10,Y,N,,Y
BST,G1,,append,6,,query,,records,,,Draft,PurchaseOrder,parquet,Parquet,,,30,10,Y,N,,Y
BST,G1,,append,6,,query,,records,,,Draft,PurchaseOrder_LineItem,parquet,Parquet,,,30,10,Y,N,,Y
BST,G1,,append,6,,query,,records,,,Draft,Timesheet,parquet,Parquet,,,30,10,Y,N,,Y
BST,G1,,append,6,,query,,records,,,Draft,Timesheet_LineItem,parquet,Parquet,,,30,10,Y,N,,Y
BST,G2,,append,6,,query,,records,,,Draft,Timesheet_LineItem_Detail,parquet,Parquet,,,30,10,I,N,,Y
BST,G1,,append,6,,query,,records,,,Draft,VendorInvoice,parquet,Parquet,,,30,10,Y,N,,Y
BST,G1,,append,6,,query,,records,,,Draft,VendorInvoice_LineItem,parquet,Parquet,,,30,10,Y,N,,Y
BST,G1,,append,6,,query,,records,,,Metadata,BusinessUnit,parquet,Parquet,,,30,10,Y,N,,Y
BST,G1,,append,6,,query,,records,,,Metadata,Client,parquet,Parquet,,,30,10,Y,N,,Y
BST,G1,,append,6,,query,,records,,,Metadata,Opportunity,parquet,Parquet,,,30,10,Y,N,,Y
BST,G1,,append,6,,query,,records,,,Metadata,Organization,parquet,Parquet,,,30,10,Y,N,,Y
BST,G1,,append,6,,query,,records,,,Metadata,Project,parquet,Parquet,,,30,10,Y,N,,Y
BST,G2,,append,6,,query,,records,,,Metadata,Timesheet,parquet,Parquet,,,30,10,I,N,,Y
BST,G1,,append,6,,query,,records,,,Metadata,Vendor,parquet,Parquet,,,30,10,Y,N,,Y
BST,G1,,append,6,,query,,records,,,Metadata,VendorInvoice,parquet,Parquet,,,30,10,Y,N,,Y
PSF,G1,,append,6,Id,query,,records,,,,Projects,parquet,Parquet,,,30,10,Y,Y,,Y
PSF,G1,,append,6,Id,query,,records,,,,ApprovalDetails,parquet,Parquet,,,30,10,Y,Y,,Y
PSF,G1,,append,6,Id,query,,records,,,,FutureInitiative,parquet,Parquet,,,30,10,Y,Y,,Y
PSF,G1,,append,6,Id,query,,records,,,,PhaseCommencementApproval,parquet,Parquet,,,30,10,Y,Y,,Y
PSF,G1,,append,6,PipelineInformationId,query,,records,,,,PipelineBusinessGroup,parquet,Parquet,,,30,10,Y,Y,,Y
PSF,G1,,append,6,Id,query,,records,,,,PipelineInformation,parquet,Parquet,,,30,10,Y,Y,,Y
PSF,G1,,append,6,PipelineInformationId,query,,records,,,,PipelineServiceLine,parquet,Parquet,,,30,10,Y,Y,,Y
PSF,G1,,append,6,Id,query,,records,,,,ProjectDetail,parquet,Parquet,,,30,10,Y,Y,,Y
PSF,G1,,append,6,Id,query,,records,,,,ProjectLocation,parquet,Parquet,,,30,10,Y,Y,,Y
PSF,G1,,append,6,Id,query,,records,,,,ProjectType,parquet,Parquet,,,30,10,Y,Y,,Y
PSF,G1,,append,6,Id,query,,records,,,,RiskAssessment,parquet,Parquet,,,30,10,Y,Y,,Y
PSF,G1,,append,6,Id,query,,records,,,,StrategicProject,parquet,Parquet,,,30,10,Y,Y,,Y
PSF,G1,,append,6,Id,query,,records,,,,USGovernmentFunding,parquet,Parquet,,,30,10,Y,Y,,Y
PSF,G1,,append,6,Id,query,,records,,,,VersionHistories,parquet,Parquet,,,30,10,Y,Y,,Y
PSF,G1,,append,6,Id,query,,records,,,,VoiceOfTheClient,parquet,Parquet,,,30,10,Y,Y,,Y
PSF,G1,,append,6,Id,query,,records,,,,VoiceOfTheClientContact,parquet,Parquet,,,30,10,Y,Y,,Y
GPScsv,G1,,append,6,Id,query,,records,,,,g01_gps_v_ht,parquet,Parquet,,,30,10,Y,N,,Y
GPScsv,G1,,append,6,Id,query,,records,,,,g02_gps_v_dept,parquet,Parquet,,,30,10,Y,N,,Y
GPScsv,G1,,append,6,Id,query,,records,,,,g03_gps_v_org,parquet,Parquet,,,30,10,Y,N,,Y
GPScsv,G1,,append,6,Id,query,,records,,,,g04_gps_v_reg,parquet,Parquet,,,30,10,Y,N,,Y
GPScsv,G1,,append,6,Id,query,,records,,,,g05_gps_v_bus,parquet,Parquet,,,30,10,Y,N,,Y
GPScsv,G1,,append,6,Id,query,,records,,,,g06_gps_v_ecreg,parquet,Parquet,,,30,10,Y,N,,Y
GPScsv,G1,,append,6,Id,query,,records,,,,g07_gps_v_ent,parquet,Parquet,,,30,10,Y,N,,Y
GPScsv,G1,,append,6,Id,query,,records,,,,g08_gps_v_loc,parquet,Parquet,,,30,10,Y,N,,Y
GPScsv,G1,,append,6,Id,query,,records,,,,g09_gps_v_emp,parquet,Parquet,,,30,10,Y,N,,Y
GPScsv,G1,,append,6,Id,query,,records,,,,g10_gps_v_cty,parquet,Parquet,,,30,10,Y,N,,Y
